date,dau,new_users,sessions,avg_duration_sec,tickets,satisfaction
2024-01-03,4966,427.0,10193,338.3,58,4.36
2024-01-04,4709,381.0,13539,408.3,108,3.61
2024-01-05,4364,316.0,12977,340.5,113,3.83
2024-01-06,4225,202.0,12879,411.6,71,3.7
2024-01-07,4680,263.0,10356,263.8,57,4.39
2024-01-08,-1,256.0,12398,406.7,66,3.97
2024-01-09,4951,470.0,11568,241.4,71,4.48
2024-01-10,4625,333.0,9342,268.3,110,4.69
2024-01-11,4264,,10582,282.3,93,4.19
2024-01-12,4446,443.0,11106,303.5,30,4.41
2024-01-13,5622,,10996,365.0,80,4.89
2024-01-14,4336,314.0,13979,388.2,110,3.76
2024-01-15,4989,306.0,10629,261.4,95,3.96
2024-01-16,4379,232.0,11787,212.5,50,4.91
2024-01-17,5759,356.0,10342,220.4,27,4.88
2024-01-18,5443,145.0,13632,315.7,82,4.87
2024-01-19,4496,141.0,9136,293.2,78,4.56
2024-01-20,5740,338.0,10623,231.9,56,3.62
2024-01-21,5791,450.0,11000,413.6,68,3.77
2024-01-22,4580,307.0,39000,263.8,59,3.75
2024-01-23,4336,356.0,9013,223.4,99,3.81
2024-01-24,5224,188.0,13206,241.6,112,4.08
2024-01-25,4836,147.0,10135,223.7,74,4.17
2024-01-26,5163,420.0,11750,226.8,35,4.81
2024-01-27,5158,327.0,11110,347.1,32,4.49
2024-01-28,5741,457.0,11048,229.1,23,4.94
2024-01-29,4395,131.0,13449,354.5,101,4.62
2024-01-30,5242,120.0,10269,354.8,116,4.68
2024-01-31,5593,279.0,11724,299.3,81,4.54
2024-02-01,5109,157.0,11486,365.0,115,4.87
2024-02-02,4741,180.0,10212,284.3,84,4.05
2024-02-03,5214,454.0,10662,294.6,117,4.65
2024-02-04,5253,415.0,9117,274.7,109,4.26
2024-02-05,-1,449.0,11261,358.9,34,4.32
2024-02-06,4304,176.0,13998,257.5,68,4.65
2024-02-07,5041,135.0,13124,409.7,76,3.67
2024-02-08,4836,446.0,11861,394.8,37,4.78
2024-02-09,4286,322.0,10498,400.6,41,4.73
2024-02-10,4783,191.0,11199,352.2,33,3.93
2024-02-12,4867,259.0,12827,289.7,115,4.56
2024-02-13,5735,353.0,12241,300.9,54,4.75
2024-02-14,4964,418.0,12746,415.8,39,4.79
2024-02-15,4805,421.0,11474,289.7,41,4.37
2024-02-16,5367,139.0,13642,308.6,119,3.66
2024-02-17,5163,,13066,325.3,51,3.83
2024-02-18,4902,243.0,10627,246.5,95,4.27
2024-02-19,5678,317.0,12255,377.9,88,4.4
2024-02-20,4269,454.0,9694,324.2,54,4.63
2024-02-21,5799,203.0,10417,332.7,112,4.03
2024-02-22,4791,380.0,9648,358.2,107,3.62
2024-02-23,4939,352.0,11036,398.5,66,4.35
2024-02-24,4382,310.0,10846,419.8,79,4.01
2024-02-25,5468,233.0,9067,317.6,27,4.03
2024-02-26,4332,335.0,11391,363.7,103,4.09
2024-02-27,5663,194.0,11326,330.5,106,3.94
2024-02-28,5439,477.0,13764,322.6,58,4.43
2024-02-29,4894,248.0,9921,266.8,34,4.62
2024-03-01,4680,288.0,10674,341.5,46,4.24
2024-03-03,5146,211.0,11384,211.1,67,4.17
2024-03-04,4949,190.0,13061,369.3,45,4.08
2024-03-05,5061,,12507,327.2,91,4.87
2024-03-06,5343,470.0,11963,417.5,113,4.43
2024-03-07,5528,241.0,9651,256.0,44,4.3
2024-03-08,5394,440.0,12803,336.8,34,4.86
2024-03-09,5485,268.0,13232,244.0,42,3.95
2024-03-10,5061,188.0,10408,257.0,66,4.34
2024-03-11,4457,186.0,11006,347.3,22,4.14
2024-03-12,4695,468.0,10682,215.2,84,3.84
2024-03-13,4614,462.0,11147,378.2,56,3.98
2024-03-14,5507,413.0,12556,224.2,84,4.41
2024-03-15,5148,468.0,10464,278.0,26,4.39
2024-03-16,-1,415.0,11153,310.7,86,4.88
2024-03-17,5757,435.0,9853,236.0,102,4.7
2024-03-19,4832,203.0,12919,365.5,114,3.72
2024-03-20,4376,338.0,9194,226.6,44,4.24
2024-03-21,4877,373.0,13799,240.0,118,4.97
2024-03-22,4735,422.0,13358,412.2,70,4.25
2024-03-23,4812,440.0,39000,415.3,91,4.87
2024-03-24,5660,355.0,13329,318.6,73,4.53
2024-03-25,4255,478.0,13140,239.6,41,4.78
2024-03-26,5439,137.0,10366,261.8,97,4.2
2024-03-27,5506,300.0,10806,263.0,30,4.41
2024-03-28,4956,382.0,11071,329.2,33,3.85
2024-03-29,5450,452.0,11227,344.5,69,3.7
2024-03-30,4571,377.0,12556,360.5,99,4.13
2024-03-31,5091,432.0,12985,319.4,106,4.27
2024-04-01,4566,162.0,9369,337.7,100,3.84
2024-04-02,4728,368.0,12040,282.1,27,4.05
2024-04-03,5285,305.0,13471,344.2,65,4.4
2024-04-04,5576,256.0,9104,375.4,40,5.0
2024-04-05,5464,,11931,354.6,70,4.03
2024-04-06,4262,220.0,13709,366.3,50,4.58
2024-04-07,4707,175.0,13099,272.1,97,4.41
2024-04-08,4475,362.0,10485,319.4,39,3.7
2024-04-10,4761,407.0,9447,305.7,47,4.4
2024-04-11,4626,200.0,13648,371.5,58,4.03
2024-04-12,4247,271.0,12126,304.4,79,4.26
2024-04-13,4588,280.0,10282,404.3,104,4.9
2024-04-14,5233,302.0,9960,384.0,100,4.33
2024-04-15,4937,301.0,12205,376.3,100,3.79
2024-04-16,5153,449.0,9823,279.2,33,4.24
2024-04-17,5708,384.0,11932,374.6,73,4.96
2024-04-18,-1,170.0,12223,329.7,29,4.52
2024-04-19,5097,419.0,13325,326.3,97,3.79
2024-04-20,5512,393.0,10983,341.4,44,4.15
2024-04-21,5263,196.0,10742,406.5,40,4.83
2024-04-22,4465,465.0,13986,282.7,40,4.43
2024-04-23,5183,200.0,11172,231.4,44,3.96
2024-04-24,4244,377.0,12361,222.8,38,3.88
2024-04-25,5685,256.0,9519,370.0,79,3.68
2024-04-26,4249,128.0,12681,321.9,88,3.66
2024-04-27,5374,222.0,11214,275.6,31,3.64
2024-04-28,4456,354.0,12776,391.8,90,4.64
2024-04-29,5476,180.0,39000,327.2,80,4.82
2024-04-30,5057,149.0,9746,246.3,110,4.3
2024-05-01,5466,257.0,9505,268.9,32,4.1
2024-05-02,4510,157.0,10972,412.3,77,4.85
2024-05-03,5137,363.0,9585,343.6,54,4.65
2024-05-04,4820,294.0,11250,305.9,117,4.82
2024-05-05,4571,335.0,11124,296.4,43,3.86
2024-05-06,4812,278.0,10487,412.6,95,4.93
2024-05-07,5465,,10947,266.1,44,4.15
2024-05-08,5455,270.0,13593,255.0,25,3.71
2024-05-09,5035,337.0,10825,298.9,27,4.54
2024-05-10,5616,228.0,10412,415.6,30,4.62
2024-05-11,4396,223.0,11316,307.3,63,4.92
2024-05-12,4382,340.0,10286,343.6,60,3.77
2024-05-13,5397,374.0,13664,245.3,74,4.45
2024-05-14,5410,323.0,11910,283.3,70,4.79
2024-05-15,5190,351.0,9247,220.2,21,4.46
2024-05-16,4282,396.0,9090,232.8,32,4.58
2024-05-17,4220,228.0,9764,249.5,68,4.44
2024-05-18,5251,456.0,9104,416.1,89,4.08
2024-05-19,5769,241.0,9016,239.3,33,4.28
2024-05-20,4345,423.0,11314,416.5,30,4.75
2024-05-22,5144,419.0,9280,293.4,114,3.91
2024-05-23,5737,266.0,9385,253.9,99,3.61
2024-05-24,4790,194.0,11938,222.3,31,4.24
2024-05-25,4742,237.0,10689,276.4,43,4.36
2024-05-26,4798,356.0,10124,343.6,88,3.62
2024-05-27,-1,347.0,13183,389.1,108,4.49
2024-05-28,4750,190.0,10734,253.5,93,4.48
2024-05-29,4339,184.0,9310,240.9,106,3.61
2024-05-30,5137,468.0,9159,416.5,20,3.95
2024-05-31,5591,357.0,12760,381.3,92,4.53
2024-06-01,4509,285.0,10391,330.7,82,4.76
2024-06-02,4789,281.0,10407,225.9,64,4.44
2024-06-03,5545,156.0,12544,298.0,69,4.92
2024-06-04,4999,218.0,11771,298.0,70,3.92
2024-06-05,5491,241.0,9044,334.8,67,4.34
2024-06-07,4929,,13343,332.5,68,4.16
2024-06-08,5659,394.0,9870,210.7,40,4.19
2024-06-09,4242,254.0,11561,228.0,26,4.45
2024-06-10,4653,341.0,12605,392.5,116,4.59
2024-06-11,5653,233.0,13228,318.0,100,4.02
2024-06-12,5491,226.0,39000,352.9,87,4.16
2024-06-13,4290,140.0,10904,227.1,100,4.61
2024-06-14,4449,474.0,13129,246.6,113,4.01
2024-06-15,4282,389.0,10950,284.9,45,3.65
2024-06-16,5137,129.0,9737,303.1,113,3.68
2024-06-17,4373,443.0,12346,256.0,116,4.17
2024-06-18,5754,158.0,13380,418.0,28,4.8
2024-06-19,4449,453.0,12555,321.0,67,4.49
2024-06-20,5470,205.0,13718,319.8,33,4.83
2024-06-21,4249,227.0,12086,215.1,96,4.63
2024-06-22,5132,470.0,12467,353.2,36,4.61
2024-06-23,-1,216.0,11526,377.3,112,4.59
2024-06-24,4990,452.0,11977,295.8,38,3.95
2024-06-25,4218,196.0,12266,329.7,24,3.97
2024-06-26,4793,196.0,9999,311.5,102,4.25
2024-06-27,4967,149.0,9317,385.0,104,4.77
2024-06-28,5225,273.0,9408,315.5,110,4.96
2024-06-29,4691,,10043,363.3,57,4.53
2024-06-30,4900,466.0,11120,333.5,100,4.74
